0,0,0,0,0,0,0,0,1,0,0,0,0,0,0,0,0,0
0,0,0,0,0,0,0,1,0,0,0,0,0,0,1,1,0,0
0,0,0,0,1,0,0,0,4,0,0,0,0,0,3,0,0,0
0,0,0,0,0,0,0,0,0,0,0,0,0,0,5,0,0,0
0,0,0,8,0,0,0,0,0,0,0,0,0,0,0,0,1,0
0,0,0,0,0,0,1,0,0,0,0,0,0,0,0,0,0,0
0,0,0,0,0,0,0,0,0,0,0,0,1,0,0,0,0,0
1,0,0,0,0,0,0,0,65,0,0,0,0,0,0,0,0,0
0,0,0,0,0,0,0,1,7,0,0,0,0,0,1,0,0,0
0,0,0,8,0,0,0,0,0,0,0,0,0,0,0,0,0,0
0,0,0,3,1,0,0,0,1,0,0,0,0,0,0,0,0,0
0,0,0,0,0,0,0,0,1,0,0,0,0,0,0,0,0,0
1,2,0,0,1,0,1,5,8,0,1,0,3,0,1,0,3,0
0,3,0,1,0,0,2,5,0,0,0,0,0,0,26,0,0,0
0,0,0,0,0,0,1,0,1,0,0,0,0,1,0,0,0,0
0,0,0,0,0,0,1,1,1,0,0,0,0,0,0,0,0,0
0,0,0,1,4,0,0,0,2,0,0,0,0,0,4,0,0,0
0,5,0,0,4,0,1,7,0,0,0,0,0,0,0,0,0,0
0,0,0,0,0,0,0,0,0,0,0,0,4,0,0,0,0,0
0,1,1,0,0,1,0,1,7,0,0,0,0,0,1,0,0,0
0,3,0,0,0,1,2,6,7,0,0,0,0,0,0,0,1,0
0,7,0,0,0,0,2,5,0,0,0,0,0,0,0,0,0,0
0,0,0,0,0,0,0,0,4,0,0,0,0,0,1,0,0,0
0,0,0,0,0,0,0,0,1,0,0,0,0,0,1,0,0,0
1,0,0,0,1,0,0,0,6,0,0,0,0,3,0,0,0,0
0,1,0,0,0,0,1,0,0,0,0,0,0,0,0,0,0,0
0,0,0,0,0,0,0,0,1,0,0,0,0,0,0,0,0,0
0,0,1,0,0,0,0,0,1,0,0,0,0,0,0,0,0,0
0,0,0,2,5,0,0,0,27,0,0,0,6,0,11,0,0,0
0,0,0,0,1,0,0,0,0,0,0,0,0,0,0,0,0,0
0,0,0,0,0,0,0,0,0,0,0,0,37,0,0,0,0,0
0,0,0,0,0,0,0,0,2,0,0,0,0,0,0,0,0,0
0,0,0,0,0,0,0,0,5,0,0,0,0,0,0,0,1,0
0,0,0,0,0,0,1,0,2,0,0,0,0,0,2,0,0,0
0,0,0,0,0,0,0,0,1,0,0,0,0,0,0,0,0,0
0,10,0,0,0,0,7,14,0,0,0,0,4,0,0,0,0,0
0,1,0,0,0,0,5,1,0,0,0,0,0,0,0,0,0,0
0,1,0,0,0,0,1,0,0,0,0,0,0,0,0,0,0,0
0,0,0,0,0,0,0,0,2,0,0,0,0,0,0,0,0,0
0,0,0,0,0,0,0,0,0,0,2,0,0,0,0,0,0,0
0,1,0,1,2,0,0,0,4,1,0,0,1,0,0,0,0,1
0,0,0,0,0,0,3,0,4,0,0,0,3,0,0,0,0,0
0,0,0,0,0,0,0,0,0,0,0,0,1,0,0,0,0,0
0,0,0,0,0,0,0,0,2,0,0,0,0,0,0,0,0,0
0,0,0,0,0,0,0,0,1,0,0,0,0,0,0,0,0,0
0,0,0,0,0,0,0,0,1,0,0,0,0,0,0,0,0,0
0,0,0,0,0,0,0,0,1,0,0,0,0,0,0,0,0,0
0,2,0,0,1,0,4,6,6,0,0,0,3,0,0,0,2,0
0,0,0,0,0,0,0,0,0,0,0,1,0,0,0,0,0,0
0,0,0,0,0,0,1,0,0,0,0,0,0,0,0,0,0,0